menu_comp,plant_select
25,0.166666667
50,0.454545455
75,0.727272727