menu_comp,pf_select
25% (n=6),0.333333333
50% (n=6),0.5
75 (n=6),0.666666667